{
  "seed": 117,
  "output_artifact": "d:\\meta\\flight-rebooking-agent\\artifacts\\sweep\\ml_policy_ep900_s117.pkl",
  "dataset": {
    "samples": 14400,
    "feature_length": 56,
    "episodes_per_task": 900,
    "task_episode_mean_scores": {
      "easy": 0.997,
      "medium": 0.9387,
      "hard": 0.9206
    }
  },
  "metrics": {
    "train_accuracy": 1.0,
    "val_accuracy": 0.998148,
    "classification_report": {
      "book_hotel": {
        "precision": 0.6666666666666666,
        "recall": 0.5,
        "f1-score": 0.5714285714285714,
        "support": 4.0
      },
      "offer_downgrade": {
        "precision": 0.990909090909091,
        "recall": 1.0,
        "f1-score": 0.9954337899543378,
        "support": 109.0
      },
      "rebook_on_partner": {
        "precision": 0.9444444444444444,
        "recall": 0.9714285714285714,
        "f1-score": 0.9577464788732394,
        "support": 35.0
      },
      "rebook_passenger": {
        "precision": 1.0,
        "recall": 0.9995029821073559,
        "f1-score": 0.9997514292816306,
        "support": 2012.0
      },
      "accuracy": 0.9981481481481481,
      "macro avg": {
        "precision": 0.9005050505050505,
        "recall": 0.8677328883839819,
        "f1-score": 0.8810900673844448,
        "support": 2160.0
      },
      "weighted avg": {
        "precision": 0.9980237560793116,
        "recall": 0.9981481481481481,
        "f1-score": 0.9980597221601581,
        "support": 2160.0
      }
    }
  },
  "canonical_task_scores": {
    "easy": 1.0,
    "medium": 0.9768,
    "hard": 0.9609,
    "overall": 0.9792
  }
}