{
  "seed": 42,
  "output_artifact": "d:\\meta\\flight-rebooking-agent\\artifacts\\sweep\\ml_policy_ep600_s42.pkl",
  "dataset": {
    "samples": 9600,
    "feature_length": 56,
    "episodes_per_task": 600,
    "task_episode_mean_scores": {
      "easy": 0.9967,
      "medium": 0.9367,
      "hard": 0.9196
    }
  },
  "metrics": {
    "train_accuracy": 1.0,
    "val_accuracy": 0.999306,
    "classification_report": {
      "book_hotel": {
        "precision": 1.0,
        "recall": 0.75,
        "f1-score": 0.8571428571428571,
        "support": 4.0
      },
      "offer_downgrade": {
        "precision": 1.0,
        "recall": 1.0,
        "f1-score": 1.0,
        "support": 69.0
      },
      "rebook_on_partner": {
        "precision": 0.9565217391304348,
        "recall": 1.0,
        "f1-score": 0.9777777777777777,
        "support": 22.0
      },
      "rebook_passenger": {
        "precision": 1.0,
        "recall": 1.0,
        "f1-score": 1.0,
        "support": 1345.0
      },
      "accuracy": 0.9993055555555556,
      "macro avg": {
        "precision": 0.9891304347826086,
        "recall": 0.9375,
        "f1-score": 0.9587301587301588,
        "support": 1440.0
      },
      "weighted avg": {
        "precision": 0.9993357487922705,
        "recall": 0.9993055555555556,
        "f1-score": 0.9992636684303351,
        "support": 1440.0
      }
    }
  },
  "canonical_task_scores": {
    "easy": 1.0,
    "medium": 0.9768,
    "hard": 0.9609,
    "overall": 0.9792
  }
}